{"cameraMode":{"drawMode":0,"name":"Shaded","section":"Shading Mode"},"sceneLighting":false,"audioPlay":false,"sceneViewState":{"showFog":false,"showMaterialUpdate":false,"showSkybox":false,"showFlares":false,"showImageEffects":false,"showParticleSystems":false},"in2DMode":false,"pivot":{"x":24.67736053466797,"y":7.6394548416137699,"z":2.44516658782959},"rotation":{"x":0.4705871045589447,"y":0.06707579642534256,"z":-0.03597809374332428,"w":0.879315972328186},"size":0.2857871949672699,"orthographic":false}