{"cameraMode":{"drawMode":0,"name":"Shaded","section":"Shading Mode"},"sceneLighting":true,"audioPlay":false,"sceneViewState":{"showFog":false,"showMaterialUpdate":false,"showSkybox":false,"showFlares":false,"showImageEffects":false,"showParticleSystems":false},"in2DMode":false,"pivot":{"x":128.5165557861328,"y":-247.7891387939453,"z":1727.552001953125},"rotation":{"x":-0.18736548721790315,"y":-0.002679653698578477,"z":0.001078324276022613,"w":-0.9827752709388733},"size":2305.479248046875,"orthographic":false}