{"cameraMode":{"drawMode":0,"name":"Shaded","section":"Shading Mode"},"sceneLighting":false,"audioPlay":false,"sceneViewState":{"showFog":false,"showMaterialUpdate":false,"showSkybox":false,"showFlares":false,"showImageEffects":false,"showParticleSystems":false},"in2DMode":false,"pivot":{"x":-3.452666759490967,"y":4.26254940032959,"z":-1.0770518779754639},"rotation":{"x":-0.1512078195810318,"y":-0.8316054344177246,"z":0.27470216155052187,"w":-0.4587304890155792},"size":0.3669770061969757,"orthographic":false}