{"cameraMode":{"drawMode":0,"name":"Shaded","section":"Shading Mode"},"sceneLighting":false,"audioPlay":false,"sceneViewState":{"showFog":false,"showMaterialUpdate":false,"showSkybox":false,"showFlares":false,"showImageEffects":false,"showParticleSystems":false},"in2DMode":false,"pivot":{"x":283.1770935058594,"y":38.41777801513672,"z":293.8854064941406},"rotation":{"x":-0.011485268361866475,"y":-0.9331814050674439,"z":0.3586111068725586,"w":-0.02937430702149868},"size":1.7147332429885865,"orthographic":false}