{"cameraMode":{"drawMode":0,"name":"Shaded","section":"Shading Mode"},"sceneLighting":true,"audioPlay":false,"sceneViewState":{"showFog":false,"showMaterialUpdate":false,"showSkybox":false,"showFlares":false,"showImageEffects":false,"showParticleSystems":false},"in2DMode":false,"pivot":{"x":4.097287178039551,"y":10.03332233428955,"z":10.225435256958008},"rotation":{"x":-0.006226746831089258,"y":0.8368819355964661,"z":-0.5481617450714111,"w":-0.008626620285212994},"size":0.49545398354530337,"orthographic":false}